Ano,Empresa,CNPJ,Receita_Liquida,Resultado_Bruto,Resultado_Antes_IR,Lucro_Liquido,Ativo_Total,Patrimonio_Liquido,Passivo_Total,Margem_Liquida,ROE,ROA,Endividamento,Crescimento_Receita
2010,AMBEV,02.808.708/0001-07,23194048.0,9178571.0,5988345.0,0.0,40101017.0,22296111.0,40101017.0,0.0,0.0,0.0,79.85655435604892,
2011,AMBEV,02.808.708/0001-07,25233310.0,10023094.0,7619243.0,0.0,42678300.0,24564842.0,42678300.0,0.0,0.0,0.0,73.73732751873592,8.79217806223389
2012,AMBEV,02.808.708/0001-07,27126719.0,11709923.0,8719764.0,0.0,46139418.0,25828845.0,46139418.0,0.0,0.0,0.0,78.63523514117647,7.503609316415494
2013,AMBEV,07.526.557/0001-00,32231027.0,13630320.0,10420578.0,0.0,61832875.0,37268998.0,61832875.0,0.0,0.0,0.0,65.90967913867713,18.816532880367888
2014,AMBEV,07.526.557/0001-00,35079107.0,15442191.0,11399437.0,0.0,69085180.0,44224695.0,69085180.0,0.0,0.0,0.0,56.21403381074759,8.836454389120153
2015,AMBEV,07.526.557/0001-00,38079786.0,15843981.0,12362019.0,0.0,72143203.0,43644669.0,72143203.0,0.0,0.0,0.0,65.29671241177243,8.554034742104477
2016,AMBEV,07.526.557/0001-00,46720141.0,18781592.0,12879141.0,0.0,90176234.0,50333633.0,90176234.0,0.0,0.0,0.0,79.15701415790909,22.69013539099196
2017,AMBEV,07.526.557/0001-00,45602561.0,17100375.0,13083397.0,0.0,83841418.0,46651273.0,83841418.0,0.0,0.0,0.0,79.71946446134493,-2.3920732602241035
2018,AMBEV,07.526.557/0001-00,47899276.0,16423698.0,7850504.0,0.0,86851989.0,47982855.0,86851989.0,0.0,0.0,0.0,81.00629693668708,5.036372847568793
2019,AMBEV,07.526.557/0001-00,50231336.0,17151903.0,11347710.0,0.0,95714417.0,57454808.0,95714417.0,0.0,0.0,0.0,66.59078731931363,4.868674841765874
2020,AMBEV,07.526.557/0001-00,52005120.0,16052572.0,12188332.0,0.0,101742944.0,62556005.0,101742944.0,0.0,0.0,0.0,62.64296928808034,3.5312299875918107
2021,AMBEV,07.526.557/0001-00,58378995.0,15928890.0,11731909.0,0.0,125196579.0,75151124.0,125196579.0,0.0,0.0,0.0,66.59308914661078,12.256245154323263
2022,AMBEV,07.526.557/0001-00,72854344.0,16964525.0,13122582.0,0.0,138602483.0,84017617.0,138602483.0,0.0,0.0,0.0,64.96835776715734,24.795474810760275
2023,AMBEV,07.526.557/0001-00,79708827.0,17658840.0,14891291.0,0.0,137958083.0,83327827.0,137958083.0,0.0,0.0,0.0,65.56063918479478,9.40847535460616
2024,AMBEV,07.526.557/0001-00,79736856.0,18645692.0,14960459.0,0.0,132644133.0,80143802.0,132644133.0,0.0,0.0,0.0,65.50766208970221,0.0351642359509352
2010,B3,09.346.601/0001-25,1672894.0,932712.0,882069.0,0.0,20837839.0,19342893.0,20837839.0,0.0,0.0,0.0,7.728657755590127,
2011,B3,09.346.601/0001-25,2111539.0,1303476.0,1144486.0,0.0,22633975.0,19419048.0,22633975.0,0.0,0.0,0.0,16.555533515340194,26.220728868655165
2012,B3,09.346.601/0001-25,1904684.0,1307481.0,1048529.0,0.0,23589922.0,19257491.0,23589922.0,0.0,0.0,0.0,22.49738037005963,-9.796409159385645
2013,B3,09.346.601/0001-25,2064750.0,1450940.0,1074256.0,0.0,24147114.0,19413882.0,24147114.0,0.0,0.0,0.0,24.38065709887389,8.403808715776485
2014,B3,09.346.601/0001-25,2126638.0,1507189.0,1080947.0,0.0,25896659.0,19298892.0,25896659.0,0.0,0.0,0.0,34.18728391246503,2.9973604552609334
2015,B3,09.346.601/0001-25,2030433.0,1438523.0,977914.0,0.0,25263482.0,18988403.0,25263482.0,0.0,0.0,0.0,33.0469023645643,-4.52380706072214
2016,B3,09.346.601/0001-25,2216634.0,2298426.0,2203458.0,0.0,26308895.0,18352213.0,26308895.0,0.0,0.0,0.0,43.35543620815648,9.170506980530746
2017,B3,09.346.601/0001-25,2320781.0,1094586.0,1446064.0,0.0,31155875.0,19076385.0,31155875.0,0.0,0.0,0.0,63.32169328727639,4.698430142278798
2018,B3,09.346.601/0001-25,3673596.0,1484202.0,1296645.0,0.0,37579879.0,24310014.0,37579879.0,0.0,0.0,0.0,54.58600311789208,58.2913682936908
2019,B3,09.346.601/0001-25,5351875.0,2392091.0,2088351.0,0.0,37672245.0,25044196.0,37672245.0,0.0,0.0,0.0,50.42305610449623,45.68490928234896
2020,B3,09.346.601/0001-25,6576507.0,3232141.0,2713204.0,0.0,40027315.0,25401233.0,40027315.0,0.0,0.0,0.0,57.58020486643306,22.882298259955625
2021,B3,09.346.601/0001-25,9327395.0,5602409.0,4150715.0,0.0,46332783.0,24521424.0,46332783.0,0.0,0.0,0.0,88.94817446164626,41.82901348694679
2022,B3,09.346.601/0001-25,10288124.0,6320984.0,4717089.0,0.0,52531769.0,22419370.0,52531769.0,0.0,0.0,0.0,134.3142068666515,10.30007842489784
2023,B3,09.346.601/0001-25,10110682.0,5577874.0,4226598.0,0.0,47594773.0,20283143.0,47594773.0,0.0,0.0,0.0,134.65186337245663,-1.7247264904660995
2024,B3,09.346.601/0001-25,9921251.0,5249623.0,4132512.0,0.0,49205283.0,20286099.0,49205283.0,0.0,0.0,0.0,142.55665418964978,-1.8735729202045917
2010,BRADESCO,60.746.948/0001-12,61906265.0,12565173.0,,0.0,489683951.0,393397758.0,489683951.0,0.0,0.0,0.0,24.47553170854624,
2011,BRADESCO,60.746.948/0001-12,66739332.0,15324117.0,,0.0,602954024.0,492014622.0,602954024.0,0.0,0.0,0.0,22.54798882786049,7.807072515196967
2012,BRADESCO,60.746.948/0001-12,82124304.0,14683469.0,,0.0,722086892.0,588264495.0,722086892.0,0.0,0.0,0.0,22.748678211490564,23.052331419799053
2013,BRADESCO,60.746.948/0001-12,85950345.0,15441448.0,,0.0,799540624.0,636890144.0,799540624.0,0.0,0.0,0.0,25.53823159806976,4.658841309632278
2014,BRADESCO,60.746.948/0001-12,77698157.0,14319169.0,,0.0,838301614.0,683415524.0,838301614.0,0.0,0.0,0.0,22.66353112575769,-9.601110967035677
2015,BRADESCO,60.746.948/0001-12,99723519.0,19330791.0,,0.0,930451016.0,757383017.0,930451016.0,0.0,0.0,0.0,22.850789510111237,28.34734162356001
2016,BRADESCO,60.746.948/0001-12,114601292.0,9603583.0,,0.0,1026703522.0,819487414.0,1026703522.0,0.0,0.0,0.0,25.28606351482049,14.919021259167554
2017,BRADESCO,60.746.948/0001-12,162912502.0,31905456.0,,0.0,1192029656.0,953963613.0,1192029656.0,0.0,0.0,0.0,24.955463683917262,42.15590344304321
2018,BRADESCO,60.746.948/0001-12,137794231.0,23743559.0,,0.0,1224353440.0,733319404.0,1224353440.0,0.0,0.0,0.0,66.96045861074747,-15.418258692018616
2019,BRADESCO,60.746.948/0001-12,112546955.0,19442015.0,,0.0,1305543714.0,852332872.0,1305543714.0,0.0,0.0,0.0,53.172986386942966,-18.32244776633646
2020,BRADESCO,60.746.948/0001-12,124306394.0,13381078.0,21173207.0,0.0,1378527685.0,297831345.0,1378527685.0,0.0,0.0,0.0,362.8551387027447,10.448473705930116
2021,BRADESCO,60.746.948/0001-12,98429117.0,4075295.0,16033961.0,0.0,1604653790.0,311226553.0,1604653790.0,0.0,0.0,0.0,415.5902587784661,-20.81733382113876
2022,BRADESCO,60.746.948/0001-12,125443431.0,32852367.0,23380804.0,0.0,1675572193.0,317304610.0,1675572193.0,0.0,0.0,0.0,428.0642449537685,27.44544990686037
2023,BRADESCO,60.746.948/0001-12,205913274.0,24621610.0,21456770.0,0.0,1792288792.0,332169978.0,1792288792.0,0.0,0.0,0.0,439.5697717148898,64.1483116003101
2024,BRADESCO,60.746.948/0001-12,224457793.0,10208351.0,14502765.0,0.0,1927523249.0,370606996.0,1927523249.0,0.0,0.0,0.0,420.0989916013351,9.005985209093414
2010,ITAU,60.872.504/0001-23,0.0,0.0,,0.0,578604000.0,0.0,578604000.0,,,0.0,,
2011,ITAU,60.872.504/0001-23,82504000.0,18030000.0,,0.0,727082000.0,509457000.0,727082000.0,0.0,0.0,0.0,42.7170497215663,
2012,ITAU,60.872.504/0001-23,103601000.0,18251000.0,,0.0,818136000.0,573354000.0,818136000.0,0.0,0.0,0.0,42.69299595014599,25.57088141181034
2013,ITAU,60.872.504/0001-23,101582000.0,17416000.0,,0.0,957154000.0,679706000.0,957154000.0,0.0,0.0,0.0,40.81882460946351,-1.9488228878099645
2014,ITAU,60.872.504/0001-23,94797000.0,20865000.0,,0.0,1027297000.0,724496000.0,1027297000.0,0.0,0.0,0.0,41.79470970164086,-6.6793329526884655
2015,ITAU,60.872.504/0001-23,129035000.0,28808000.0,,0.0,1127203000.0,779284000.0,1127203000.0,0.0,0.0,0.0,44.64598272260177,36.11717670390413
2016,ITAU,60.872.504/0001-23,129574000.0,18265000.0,,0.0,1276415000.0,880057000.0,1276415000.0,0.0,0.0,0.0,45.03776459933845,0.4177161235323856
2017,ITAU,60.872.504/0001-23,174319000.0,38192000.0,,0.0,1353241000.0,910300000.0,1353241000.0,0.0,0.0,0.0,48.65879380424036,34.53239075740504
2018,ITAU,60.872.504/0001-23,149572000.0,30582000.0,,0.0,1436239000.0,1024584000.0,1436239000.0,0.0,0.0,0.0,40.177769709462574,-14.196387083450457
2019,ITAU,60.872.504/0001-23,174812000.0,30608000.0,,0.0,1552797000.0,1119734000.0,1552797000.0,0.0,0.0,0.0,38.67552472283596,16.87481614205868
2020,ITAU,60.872.504/0001-23,193037000.0,31243000.0,,0.0,1637481000.0,1159830000.0,1637481000.0,0.0,0.0,0.0,41.182845761878895,10.425485664599687
2021,ITAU,60.872.504/0001-23,173757000.0,5230000.0,,7.74,2019251000.0,1495641000.0,2019251000.0,4.454496797251334e-06,5.175038662352798e-07,3.833104453086813e-07,35.00906968985205,-9.98772256095981
2022,ITAU,60.872.504/0001-23,195679000.0,42231000.0,,10.92,2069206000.0,1553107000.0,2069206000.0,5.580568175430169e-06,7.031067402310336e-07,5.277386591765151e-07,33.2300994071883,12.616470127822188
2023,ITAU,60.872.504/0001-23,259026000.0,36694000.0,,11.88,2321066000.0,1755498000.0,2321066000.0,4.586412174839592e-06,6.767310472583848e-07,5.118337867169654e-07,32.21695496092847,32.37291686895374
2024,ITAU,60.872.504/0001-23,313221000.0,39700000.0,,13.48,2543100000.0,1944162000.0,2543100000.0,4.303670571257994e-06,6.933578580385792e-07,5.300617356769297e-07,30.807000651180307,20.922610085474048
2010,MAGAZINE LUIZA,47.960.950/0001-21,3350999.0,3981.0,-92707.0,0.0,2633968.0,-6063.0,2633968.0,0.0,-0.0,0.0,-43543.31189180274,
2011,MAGAZINE LUIZA,47.960.950/0001-21,4808024.0,251433.0,68834.0,0.0,3927780.0,47436.0,3927780.0,0.0,0.0,0.0,8180.166961801163,43.48031736207621
2012,MAGAZINE LUIZA,47.960.950/0001-21,6419371.0,213660.0,11666.0,0.0,4877354.0,620945.0,4877354.0,0.0,0.0,0.0,685.4727874449428,33.5137054224355
2013,MAGAZINE LUIZA,47.960.950/0001-21,7066770.0,166471.0,-6745.0,0.0,4107744.0,615992.0,4107744.0,0.0,0.0,0.0,566.8502188340108,10.085084660163734
2014,MAGAZINE LUIZA,47.960.950/0001-21,8088439.0,374966.0,113806.0,0.0,4713904.0,694611.0,4713904.0,0.0,0.0,0.0,578.6394111236361,14.45736878375834
2015,MAGAZINE LUIZA,47.960.950/0001-21,9779385.0,490928.0,128556.0,0.0,5250999.0,667911.0,5250999.0,0.0,0.0,0.0,686.1824404748537,20.90571493461222
2016,MAGAZINE LUIZA,47.960.950/0001-21,8978259.0,338926.0,-65605.0,0.0,5501981.0,575656.0,5501981.0,0.0,0.0,0.0,855.7758452964965,-8.191987532958356
2017,MAGAZINE LUIZA,47.960.950/0001-21,9508745.0,580945.0,86565.0,0.0,6100606.0,621586.0,6100606.0,0.0,0.0,0.0,881.4580765976068,5.908562005172713
2018,MAGAZINE LUIZA,47.960.950/0001-21,11984250.0,887694.0,389022.0,0.0,7419513.0,2073977.0,7419513.0,0.0,0.0,0.0,257.74326330523434,26.03398240251473
2019,MAGAZINE LUIZA,47.960.950/0001-21,15590444.0,1081551.0,597429.0,0.0,8796741.0,2302872.0,8796741.0,0.0,0.0,0.0,281.99001073442207,30.091111250182536
2020,MAGAZINE LUIZA,47.960.950/0001-21,19886310.0,1288563.0,921828.0,0.0,19791073.0,7564937.0,19791073.0,0.0,0.0,0.0,161.61583368110007,27.55448145030379
2021,MAGAZINE LUIZA,47.960.950/0001-21,29177113.0,824576.0,391709.0,0.0,24647203.0,7325287.0,24647203.0,0.0,0.0,0.0,236.46740393925865,46.71959252370097
2022,MAGAZINE LUIZA,47.960.950/0001-21,35278150.0,470602.0,590661.0,0.0,38384616.0,11261231.0,38384616.0,0.0,0.0,0.0,240.8563060290656,20.91035189122379
2023,MAGAZINE LUIZA,47.960.950/0001-21,37299002.0,771635.0,-498975.0,0.0,37765845.0,10648701.0,37765845.0,0.0,0.0,0.0,254.6521308091945,5.728338929337284
2024,MAGAZINE LUIZA,47.960.950/0001-21,36768149.0,-372148.0,-979104.0,0.0,37455067.0,9610534.0,37455067.0,0.0,0.0,0.0,289.72930120220167,-1.4232364715817347
2010,NATURA,71.673.990/0001-77,4242057.0,916028.0,683924.0,0.0,2741218.0,1139822.0,2741218.0,0.0,0.0,0.0,140.49527031413675,
2011,NATURA,71.673.990/0001-77,5136712.0,1167906.0,744050.0,0.0,3221871.0,1257502.0,3221871.0,0.0,0.0,0.0,156.21199807236889,21.09012207992491
2012,NATURA,71.673.990/0001-77,5591374.0,1315070.0,830901.0,0.0,3793012.0,1250245.0,3793012.0,0.0,0.0,0.0,203.3814972265436,8.851226231877508
2013,NATURA,71.673.990/0001-77,6345669.0,1370700.0,874376.0,0.0,5356718.0,1287436.0,5356718.0,0.0,0.0,0.0,316.0764496254571,13.49033350299944
2014,NATURA,71.673.990/0001-77,7010311.0,1415996.0,847806.0,0.0,6248321.0,1168250.0,6248321.0,0.0,0.0,0.0,434.8445110207575,10.473946876208018
2015,NATURA,71.673.990/0001-77,7408422.0,1364672.0,741221.0,0.0,7200083.0,1148679.0,7200083.0,0.0,0.0,0.0,526.8141926508624,5.67893492884981
2016,NATURA,71.673.990/0001-77,7899002.0,1256769.0,522732.0,0.0,9394981.0,1077767.0,9394981.0,0.0,0.0,0.0,771.7079851210883,6.621922995207341
2017,NATURA,71.673.990/0001-77,7912664.0,1082868.0,308238.0,0.0,8421579.0,996385.0,8421579.0,0.0,0.0,0.0,745.2133462466818,0.1729585585622084
2018,NATURA,71.673.990/0001-77,9852708.0,1358641.0,670251.0,0.0,14957462.0,1634746.0,14957462.0,0.0,0.0,0.0,814.971622502823,24.51821535705294
2019,NATURA,32.785.497/0001-97,13397419.0,1256693.0,548379.0,0.0,15379549.0,2574102.0,15379549.0,0.0,0.0,0.0,497.47240008360194,35.97702276369095
2020,NATURA,32.785.497/0001-97,14444690.0,1351248.0,155467.0,0.0,21184512.0,3362345.0,21184512.0,0.0,0.0,0.0,530.0517049856574,7.816960863879818
2021,NATURA,32.785.497/0001-97,36921980.0,789597.0,-663678.0,0.0,60917597.0,27387108.0,60917597.0,0.0,0.0,0.0,122.43165287842731,155.60936233314803
2022,NATURA,32.785.497/0001-97,40164687.0,1118230.0,1040689.0,0.0,60448490.0,28566725.0,60448490.0,0.0,0.0,0.0,111.60455039910946,8.78259237451513
2023,NATURA,32.785.497/0001-97,29223656.0,-383637.0,-2858626.0,0.0,54685390.0,22351184.0,54685390.0,0.0,0.0,0.0,144.66439898664876,-27.24042390769782
2024,NATURA,32.785.497/0001-97,19831044.0,1000467.0,2974510.0,0.0,42747015.0,23120465.0,42747015.0,0.0,0.0,0.0,84.88821483477949,-32.14044129180825
2010,PETROBRAS,33.000.167/0001-01,182833794.0,44437409.0,33344072.0,0.0,350418897.0,166893136.0,350418897.0,0.0,0.0,0.0,109.96603299491,
2011,PETROBRAS,33.000.167/0001-01,211841891.0,45288154.0,35881332.0,0.0,516845748.0,309828275.0,516845748.0,0.0,0.0,0.0,66.8168432981141,15.8658289396981
2012,PETROBRAS,33.000.167/0001-01,244176142.0,44228720.0,33109612.0,0.0,600096965.0,332223611.0,600096965.0,0.0,0.0,0.0,80.63043839469917,15.263388580684456
2013,PETROBRAS,33.000.167/0001-01,281379482.0,31476031.0,20959362.0,0.0,669031561.0,330775385.0,669031561.0,0.0,0.0,0.0,102.26159240960448,15.236271527297696
2014,PETROBRAS,33.000.167/0001-01,304890000.0,34357000.0,23007000.0,0.0,752967000.0,349334000.0,752967000.0,0.0,0.0,0.0,115.54357720691372,8.355448603747174
2015,PETROBRAS,33.000.167/0001-01,337260000.0,-21916000.0,-21924000.0,0.0,793375000.0,310722000.0,793375000.0,0.0,0.0,0.0,155.33274116412744,10.616943815802426
2016,PETROBRAS,33.000.167/0001-01,321638000.0,-13188000.0,-35171000.0,0.0,900135000.0,257930000.0,900135000.0,0.0,0.0,0.0,248.98422052494865,-4.632034632034632
2017,PETROBRAS,33.000.167/0001-01,282589000.0,16482000.0,-13045000.0,0.0,804945000.0,252743000.0,804945000.0,0.0,0.0,0.0,218.4835979631484,-12.140667458447076
2018,PETROBRAS,33.000.167/0001-01,283695000.0,37773000.0,377000.0,0.0,831515000.0,269609000.0,831515000.0,0.0,0.0,0.0,208.41514934590464,0.3913811224074637
2019,PETROBRAS,33.000.167/0001-01,310255000.0,62465000.0,26698000.0,0.0,860473000.0,283543000.0,860473000.0,0.0,0.0,0.0,203.47178382114885,9.36216711609299
2020,PETROBRAS,33.000.167/0001-01,302245000.0,81701000.0,40970000.0,0.0,926011000.0,299137000.0,926011000.0,0.0,0.0,0.0,209.56083667349745,-2.581747272404955
2021,PETROBRAS,33.000.167/0001-01,272069000.0,49621000.0,6246000.0,0.0,987419000.0,311150000.0,987419000.0,0.0,0.0,0.0,217.3450104451229,-9.983953415275682
2022,PETROBRAS,33.000.167/0001-01,452668000.0,210831000.0,107264000.0,0.0,972951000.0,389581000.0,972951000.0,0.0,0.0,0.0,149.7429289416065,66.37985216985398
2023,PETROBRAS,33.000.167/0001-01,641256000.0,294255000.0,189005000.0,0.0,976709000.0,364385000.0,976709000.0,0.0,0.0,0.0,168.04314118308932,41.66143840518879
2024,PETROBRAS,33.000.167/0001-01,511994000.0,189342000.0,125166000.0,0.0,1050888000.0,382340000.0,1050888000.0,0.0,0.0,0.0,174.85693361929174,-20.15762815474631
2010,VALE,33.592.510/0001-54,48496566.0,13364870.0,10504879.0,0.0,177738189.0,100295227.0,177738189.0,0.0,0.0,0.0,77.21500246467362,
2011,VALE,33.592.510/0001-54,83225006.0,40441956.0,30421692.0,0.0,214662114.0,116326862.0,214662114.0,0.0,0.0,0.0,84.5335723059391,71.6101012183007
2012,VALE,33.592.510/0001-54,102018680.0,52274199.0,37407855.0,0.0,237088552.0,146680620.0,237088552.0,0.0,0.0,0.0,61.63590800202508,22.58176346661964
2013,VALE,33.592.510/0001-54,91269482.0,15167191.0,9390934.0,0.0,266921654.0,152909437.0,266921654.0,0.0,0.0,0.0,74.56192321210364,-10.536499786117604
2014,VALE,33.592.510/0001-54,101489747.0,33436715.0,-257566.0,0.0,291880311.0,152122066.0,291880311.0,0.0,0.0,0.0,91.87243420688226,11.197899644045318
2015,VALE,33.592.510/0001-54,88274564.0,17572598.0,219588.0,0.0,309415532.0,149601623.0,309415532.0,0.0,0.0,0.0,106.82632032675208,-13.0212000627019
2016,VALE,33.592.510/0001-54,78057424.0,-27191298.0,-45996622.0,0.0,345549435.0,139419590.0,345549435.0,0.0,0.0,0.0,147.8485519861305,-11.574274102333714
2017,VALE,33.592.510/0001-54,94633264.0,20719633.0,13296496.0,0.0,322696154.0,133701739.0,322696154.0,0.0,0.0,0.0,141.35524071231416,21.235443280833863
2018,VALE,33.592.510/0001-54,108532022.0,34533678.0,17669992.0,0.0,328096703.0,148105642.0,328096703.0,0.0,0.0,0.0,121.52883480293072,14.68696884427445
2019,VALE,33.592.510/0001-54,134483126.0,43175744.0,25773768.0,0.0,341714838.0,173682178.0,341714838.0,0.0,0.0,0.0,96.74720914658266,23.911011258962823
2020,VALE,33.592.510/0001-54,148639921.0,2239775.0,-8696040.0,0.0,369670328.0,157149353.0,369670328.0,0.0,0.0,0.0,135.2350302072195,10.526818806992932
2021,VALE,33.592.510/0001-54,206098000.0,62557000.0,24903000.0,0.0,478129515.0,180985777.0,478129515.0,0.0,0.0,0.0,164.18071238824473,38.65588639541864
2022,VALE,33.592.510/0001-54,293524000.0,141335000.0,121343000.0,0.0,499128000.0,197058000.0,499128000.0,0.0,0.0,0.0,153.28989434582712,42.41962561499868
2023,VALE,33.592.510/0001-54,226508000.0,90326000.0,96337000.0,0.0,453387000.0,194894000.0,453387000.0,0.0,0.0,0.0,132.63261054727184,-22.83152314631853
2024,VALE,33.592.510/0001-54,208066000.0,65272000.0,40554000.0,0.0,455984000.0,198325000.0,455984000.0,0.0,0.0,0.0,129.9175595613261,-8.141875783636776
2010,WEG,84.429.695/0001-11,4210620.0,622567.0,559937.0,0.0,6583066.0,3327286.0,6583066.0,0.0,0.0,0.0,97.85092114113424,
2011,WEG,84.429.695/0001-11,4391973.0,602637.0,533634.0,0.0,7511164.0,3543836.0,7511164.0,0.0,0.0,0.0,111.9501015284003,4.30703791840632
2012,WEG,84.429.695/0001-11,5189409.0,663125.0,607021.0,0.0,9105861.0,3906589.0,9105861.0,0.0,0.0,0.0,133.089813133657,18.156668995915947
2013,WEG,84.429.695/0001-11,6173878.0,808411.0,664864.0,0.0,8873550.0,4151626.0,8873550.0,0.0,0.0,0.0,113.73673832854888,18.970734432379487
2014,WEG,84.429.695/0001-11,6828896.0,1011753.0,845304.0,0.0,10141293.0,4642267.0,10141293.0,0.0,0.0,0.0,118.45561662006946,10.60950669903098
2015,WEG,84.429.695/0001-11,7840757.0,1094352.0,962316.0,0.0,11782630.0,5139263.0,11782630.0,0.0,0.0,0.0,129.26692017902178,14.817343828343564
2016,WEG,84.429.695/0001-11,9760323.0,1158245.0,1165810.0,0.0,14261541.0,6156060.0,14261541.0,0.0,0.0,0.0,131.666699154979,24.48189632710209
2017,WEG,84.429.695/0001-11,9367008.0,1063674.0,1127832.0,0.0,13509331.0,6070832.0,13509331.0,0.0,0.0,0.0,122.52849362327932,-4.029733442223171
2018,WEG,84.429.695/0001-11,9523830.0,1182412.0,1140942.0,0.0,13981142.0,6838462.0,13981142.0,0.0,0.0,0.0,104.4486318707335,1.6741952179393893
2019,WEG,84.429.695/0001-11,11970090.0,1507031.0,1344148.0,0.0,15399850.0,7853257.0,15399850.0,0.0,0.0,0.0,96.09507240117064,25.68567477579924
2020,WEG,84.429.695/0001-11,13347434.0,1847734.0,1632455.0,0.0,15687641.0,8929990.0,15687641.0,0.0,0.0,0.0,75.67366816760153,11.506546734402168
2021,WEG,84.429.695/0001-11,17469557.0,2816324.0,2395957.0,0.0,19927896.0,11930298.0,19927896.0,0.0,0.0,0.0,67.03602877312872,30.88326190637092
2022,WEG,84.429.695/0001-11,23563338.0,4158343.0,3657480.0,0.0,23932787.0,14010672.0,23932787.0,0.0,0.0,0.0,70.81826624732918,34.88228694064765
2023,WEG,84.429.695/0001-11,29904722.0,5051587.0,4272872.0,0.0,28134660.0,15248355.0,28134660.0,0.0,0.0,0.0,84.50947659600003,26.91207841605463
2024,WEG,84.429.695/0001-11,32503601.0,6462125.0,5867615.0,0.0,31496270.0,17854776.0,31496270.0,0.0,0.0,0.0,76.40249309204438,8.69053054564426
