Ano,Empresa,CNPJ,Receita_Liquida,Resultado_Bruto,Lucro_Liquido,Resultado_Antes_IR,Patrimonio_Liquido,Passivo_Total,Ativo_Total,Margem_Liquida,ROE,ROA,Endividamento,Crescimento_Receita
2010,AMBEV,02.808.708/0001-07,25233310.0,16784263.0,7619243.0,7619243.0,24564842.0,42678300.0,42678300.0,30.195178516017123,31.016861415188423,17.85273312198471,73.73732751873592,
2011,AMBEV,02.808.708/0001-07,27126719.0,18333412.0,8719764.0,8719764.0,25828845.0,46139418.0,46139418.0,32.14455828587305,33.759790652659845,18.89872993196403,78.63523514117647,7.503609316415494
2012,AMBEV,02.808.708/0001-07,32231027.0,21939509.0,10642555.0,10642555.0,29923817.0,54159769.0,54159769.0,33.01959630389686,35.5654995484032,19.65029614509619,80.99218091061043,18.816532880367888
2013,AMBEV,07.526.557/0001-00,34791391.0,23393590.0,11354070.0,11354070.0,43997398.0,68674019.0,68674019.0,32.63471127095781,25.806230632093293,16.533283132883195,56.08654629985163,7.9437865879979475
2014,AMBEV,07.526.557/0001-00,38079786.0,25265198.0,12362019.0,12362019.0,43644669.0,72143203.0,72143203.0,32.46346762557962,28.324235887778183,17.135389733111793,65.29671241177243,9.451749141044697
2015,AMBEV,07.526.557/0001-00,46720141.0,30658770.0,12879141.0,12879141.0,50333633.0,90176234.0,90176234.0,27.566571342325357,25.587545011900893,14.28218991713493,79.15701415790909,22.690135390991962
2016,AMBEV,07.526.557/0001-00,45602561.0,28924602.0,13083397.0,13083397.0,46651273.0,83841418.0,83841418.0,28.690048789145855,28.04510179175604,15.604932874584732,79.71946446134493,-2.3920732602241035
2017,AMBEV,07.526.557/0001-00,47899276.0,29857498.0,7850504.0,7850504.0,47982855.0,86851989.0,86851989.0,16.38960889513236,16.36106063301152,9.038945555984906,81.00629693668708,5.036372847568793
2018,AMBEV,07.526.557/0001-00,50231336.0,30961709.0,11377427.0,11377427.0,57547424.0,94126138.0,94126138.0,22.650058521238613,19.770523525084286,12.087425705280715,63.5627304534083,4.868674841765874
2019,AMBEV,07.526.557/0001-00,52599709.0,30921550.0,12188332.0,12188332.0,62556005.0,101742944.0,101742944.0,23.171862034445855,19.483872091895893,11.979535406406168,62.642969288080344,4.714931332903438
2020,AMBEV,07.526.557/0001-00,58378995.0,31312896.0,11731909.0,11731909.0,75151124.0,125196579.0,125196579.0,20.096113336654735,15.611089196749738,9.37079039515928,66.59308914661078,10.987296526678513
2021,AMBEV,07.526.557/0001-00,72854344.0,37194600.0,13122582.0,13122582.0,84017617.0,138602483.0,138602483.0,18.012079005199745,15.61884574755316,9.467782766922003,64.96835776715734,24.795474810760275
2022,AMBEV,07.526.557/0001-00,79708827.0,39286758.0,14891291.0,14891291.0,83327827.0,137958083.0,137958083.0,18.682110326375774,17.870730026357222,10.794069239132584,65.56063918479478,9.40847535460616
2023,AMBEV,07.526.557/0001-00,79736856.0,40445285.0,14960459.0,14960459.0,80143802.0,132644133.0,132644133.0,18.762288545713414,18.66701931610382,11.278643586897282,65.50766208970221,0.03516423595093521
2024,AMBEV,07.526.557/0001-00,89452669.0,45837589.0,14846952.0,14846952.0,99580514.0,162507949.0,162507949.0,16.597550599636104,14.909495245224383,9.136138934348374,63.192518769284526,12.184845863498817
2010,B3,09.346.601/0001-25,2102554.0,1889757.0,1144486.0,1144486.0,19419048.0,22633975.0,22633975.0,54.43313227626972,5.89362568134133,5.0564958209947655,16.555533515340194,
2011,B3,09.346.601/0001-25,2115983.0,1904684.0,1048529.0,1048529.0,19257491.0,23589922.0,23589922.0,49.552808316512944,5.444785096874769,4.444817579303568,22.49738037005963,0.6386994103361854
2012,B3,09.346.601/0001-25,2064750.0,2064750.0,1074256.0,1074256.0,19413882.0,24147114.0,24147114.0,52.028381159946726,5.533442512939967,4.448796655368422,24.38065709887389,-2.4212387339595853
2013,B3,09.346.601/0001-25,2131795.0,2131795.0,1080947.0,1080947.0,19298892.0,25896659.0,25896659.0,50.705954371785275,5.601083212445564,4.174078980612904,34.18728391246503,3.2471243491948076
2014,B3,09.346.601/0001-25,2030433.0,2030433.0,977914.0,977914.0,18988403.0,25538263.0,25538263.0,48.16283029284886,5.150059222989948,3.82921109395733,34.4940014176021,-4.754772386650686
2015,B3,09.346.601/0001-25,2216634.0,2216634.0,2203458.0,2203458.0,18352213.0,26308895.0,26308895.0,99.40558522516572,12.006497527028484,8.375334653925982,43.355436208156476,9.170506980530746
2016,B3,09.346.601/0001-25,2320781.0,2320781.0,1446064.0,1446064.0,19076385.0,31155875.0,31155875.0,62.30936913047805,7.580388003282593,4.64138465056751,63.32169328727639,4.698430142278798
2017,B3,09.346.601/0001-25,3673596.0,3673596.0,1296645.0,1296645.0,24310014.0,37579879.0,37579879.0,35.29634178608644,5.333789606209194,3.450370343129631,54.586003117892076,58.291368293690795
2018,B3,09.346.601/0001-25,4831915.0,4831915.0,2088351.0,2088351.0,25044196.0,37672245.0,37672245.0,43.21994488727554,8.338662578746789,5.543473716525256,50.423056104496226,31.530930456152497
2019,B3,09.346.601/0001-25,6576507.0,5907756.0,2713204.0,2713204.0,25401233.0,40027315.0,40027315.0,41.25600413715062,10.681387001961676,6.778381212929221,57.58020486643306,36.1056020232144
2020,B3,09.346.601/0001-25,9327395.0,8382575.0,4150715.0,4150715.0,24521424.0,46332783.0,46332783.0,44.500259718817524,16.92689217396184,8.958484104009035,88.94817446164626,41.829013486946785
2021,B3,09.346.601/0001-25,10288124.0,9248244.0,4717089.0,4717089.0,22419370.0,52531769.0,52531769.0,45.849845899991095,21.040238864874436,8.979497720703067,134.3142068666515,10.30007842489784
2022,B3,09.346.601/0001-25,10110682.0,9091713.0,4226598.0,4226598.0,20283143.0,47594773.0,47594773.0,41.80329279468982,20.83798354130817,8.880382726061116,134.65186337245663,-1.7247264904660997
2023,B3,09.346.601/0001-25,9921251.0,8930025.0,4132512.0,4132512.0,20286099.0,49421622.0,49421622.0,41.65313426703951,20.37115169358091,8.361749033651709,143.62309382400232,-1.8735729202045914
2024,B3,09.346.601/0001-25,10572738.0,9513468.0,4576691.0,4576691.0,18383454.0,45228850.0,45228850.0,43.28766115267398,24.89570784684967,10.118963891410019,146.03020738105036,6.566581170056085
2010,BRADESCO,60.746.948/0001-12,66739332.0,35055479.0,0.0,0.0,492014622.0,602954024.0,602954024.0,0.0,0.0,0.0,22.547988827860486,
2011,BRADESCO,60.746.948/0001-12,82124304.0,37994131.0,0.0,0.0,588264495.0,722086892.0,722086892.0,0.0,0.0,0.0,22.748678211490564,23.052331419799053
2012,BRADESCO,60.746.948/0001-12,87139803.0,46547667.0,0.0,0.0,636770125.0,801186699.0,801186699.0,0.0,0.0,0.0,25.820396960363052,6.107204269274535
2013,BRADESCO,60.746.948/0001-12,77698157.0,36316015.0,0.0,0.0,683415524.0,838301614.0,838301614.0,0.0,0.0,0.0,22.66353112575769,-10.835055479755907
2014,BRADESCO,60.746.948/0001-12,99723519.0,45876190.0,0.0,0.0,757383017.0,930451016.0,930451016.0,0.0,0.0,0.0,22.850789510111234,28.347341623560006
2015,BRADESCO,60.746.948/0001-12,114601292.0,43189082.0,0.0,0.0,819487414.0,1026703522.0,1026703522.0,0.0,0.0,0.0,25.286063514820494,14.919021259167554
2016,BRADESCO,60.746.948/0001-12,162912502.0,71875116.0,0.0,0.0,953963613.0,1192029656.0,1192029656.0,0.0,0.0,0.0,24.955463683917262,42.15590344304321
2017,BRADESCO,60.746.948/0001-12,137794231.0,62204816.0,0.0,0.0,972408994.0,1224353440.0,1224353440.0,0.0,0.0,0.0,25.909308485890044,-15.418258692018616
2018,BRADESCO,60.746.948/0001-12,112546955.0,57302286.0,0.0,0.0,852332872.0,1305543714.0,1305543714.0,0.0,0.0,0.0,53.172986386942966,-18.32244776633646
2019,BRADESCO,60.746.948/0001-12,124306394.0,65688408.0,0.0,0.0,893209350.0,1378527685.0,1378527685.0,0.0,0.0,0.0,54.33422019149262,10.448473705930116
2020,BRADESCO,60.746.948/0001-12,98429117.0,49853430.0,16033961.0,16033961.0,311226553.0,1604653790.0,1604653790.0,16.289855571903587,5.151861512279128,0.9992162234571482,415.59025877846614,-20.81733382113876
2021,BRADESCO,60.746.948/0001-12,125443431.0,70322108.0,23380804.0,23380804.0,317304610.0,1675572193.0,1675572193.0,18.638524005294464,7.368567383877593,1.3953922187105667,428.06424495376854,27.445449906860375
2022,BRADESCO,60.746.948/0001-12,205913274.0,74602020.0,21217196.0,21217196.0,343569130.0,1799615675.0,1799615675.0,10.303947670707233,6.175524558914825,1.1789848407494006,423.8001665050641,64.1483116003101
2023,BRADESCO,60.746.948/0001-12,224457793.0,68081738.0,14502765.0,14502765.0,370606996.0,1927523249.0,1927523249.0,6.461243695824809,3.913246419125882,0.7524041542702036,420.09899160133506,9.005985209093414
2024,BRADESCO,60.746.948/0001-12,213219736.0,68940583.0,17542153.0,17542153.0,402553713.0,2069506045.0,2069506045.0,8.227265134593356,4.357717351373679,0.8476492756511858,414.094387448862,-5.006757328314282
2010,ITAU,60.872.504/0001-23,82620000.0,45780000.0,0.0,0.0,0.0,727481000.0,727481000.0,0.0,,0.0,,
2011,ITAU,60.872.504/0001-23,103601000.0,48002000.0,0.0,0.0,573354000.0,818136000.0,818136000.0,0.0,0.0,0.0,42.692995950145985,25.39457758412007
2012,ITAU,60.872.504/0001-23,101582000.0,53515000.0,0.0,0.0,679706000.0,957154000.0,957154000.0,0.0,0.0,0.0,40.818824609463505,-1.9488228878099645
2013,ITAU,60.872.504/0001-23,94797000.0,48436000.0,0.0,0.0,724496000.0,1027297000.0,1027297000.0,0.0,0.0,0.0,41.79470970164086,-6.6793329526884655
2014,ITAU,60.872.504/0001-23,129035000.0,56058000.0,0.0,0.0,779284000.0,1127203000.0,1127203000.0,0.0,0.0,0.0,44.64598272260177,36.11717670390413
2015,ITAU,60.872.504/0001-23,129574000.0,54510000.0,0.0,0.0,880057000.0,1276415000.0,1276415000.0,0.0,0.0,0.0,45.03776459933845,0.41771612353238563
2016,ITAU,60.872.504/0001-23,174319000.0,79193000.0,0.0,0.0,910300000.0,1353241000.0,1353241000.0,0.0,0.0,0.0,48.65879380424036,34.53239075740504
2017,ITAU,60.872.504/0001-23,147615000.0,69290000.0,0.0,0.0,943670000.0,1434969000.0,1434969000.0,0.0,0.0,0.0,52.06258543770598,-15.31904152731487
2018,ITAU,60.872.504/0001-23,131317000.0,60705000.0,0.0,0.0,1119734000.0,1552797000.0,1552797000.0,0.0,0.0,0.0,38.67552472283596,-11.040883379060396
2019,ITAU,60.872.504/0001-23,193037000.0,117079000.0,0.0,0.0,1159830000.0,1637481000.0,1637481000.0,0.0,0.0,0.0,41.182845761878895,47.00076913118636
2020,ITAU,60.872.504/0001-23,173757000.0,100199000.0,0.0,0.0,1495641000.0,2019251000.0,2019251000.0,0.0,0.0,0.0,35.00906968985205,-9.98772256095981
2021,ITAU,60.872.504/0001-23,195679000.0,126374000.0,0.0,0.0,1553107000.0,2069206000.0,2069206000.0,0.0,0.0,0.0,33.2300994071883,12.616470127822188
2022,ITAU,60.872.504/0001-23,283372000.0,115570000.0,0.0,0.0,1755498000.0,2323440000.0,2323440000.0,0.0,0.0,0.0,32.35218724259441,44.81472207032946
2023,ITAU,60.872.504/0001-23,313221000.0,124526000.0,0.0,0.0,1944162000.0,2543100000.0,2543100000.0,0.0,0.0,0.0,30.807000651180307,10.53350366302952
2024,ITAU,60.872.504/0001-23,335328000.0,135739000.0,0.0,0.0,2148776000.0,2854475000.0,2854475000.0,0.0,0.0,0.0,32.84190627594501,7.057955884184008
2010,MAGAZINE LUIZA,47.960.950/0001-21,4808024.0,1641763.0,68834.0,68834.0,47436.0,3927780.0,3927780.0,1.4316484277116754,145.1091997638924,1.7524912291421617,8180.166961801163,
2011,MAGAZINE LUIZA,47.960.950/0001-21,6419371.0,2144287.0,11666.0,11666.0,620945.0,4877354.0,4877354.0,0.18173120076717797,1.8787493256246526,0.23918706741401177,685.4727874449428,33.5137054224355
2012,MAGAZINE LUIZA,47.960.950/0001-21,7665112.0,2518515.0,-6745.0,-6745.0,615992.0,5664755.0,5664755.0,-0.08799610494928188,-1.0949817530097792,-0.11906958023780376,819.6150274678893,19.40596672166166
2013,MAGAZINE LUIZA,47.960.950/0001-21,8088439.0,2262995.0,113806.0,113806.0,694611.0,4713904.0,4713904.0,1.4070205635475521,16.3841344291985,2.4142621487412557,578.6394111236361,5.52277644475383
2014,MAGAZINE LUIZA,47.960.950/0001-21,9779385.0,2692476.0,128556.0,128556.0,754467.0,5290037.0,5290037.0,1.3145611917313818,17.03931384672888,2.430153135034783,601.1621449314549,20.90571493461222
2015,MAGAZINE LUIZA,47.960.950/0001-21,8978259.0,2578629.0,-65605.0,-65605.0,575656.0,5501981.0,5501981.0,-0.7307095952567195,-11.39656322525953,-1.1923887050864044,855.7758452964965,-8.191987532958356
2016,MAGAZINE LUIZA,47.960.950/0001-21,9508745.0,2922615.0,86565.0,86565.0,621586.0,6100606.0,6100606.0,0.9103725044682552,13.92647196043669,1.4189573953800656,881.4580765976068,5.908562005172713
2017,MAGAZINE LUIZA,47.960.950/0001-21,11984250.0,3606011.0,389022.0,389022.0,2073977.0,7419513.0,7419513.0,3.2461105200575755,18.757295765575027,5.243228228052164,257.74326330523434,26.03398240251473
2018,MAGAZINE LUIZA,47.960.950/0001-21,15590444.0,4537422.0,597429.0,597429.0,2302872.0,8796741.0,8796741.0,3.8320204350819003,25.94277927735454,6.791481072365323,281.99001073442207,30.091111250182536
2019,MAGAZINE LUIZA,47.960.950/0001-21,19886310.0,5553961.0,921828.0,921828.0,7564937.0,19791073.0,19791073.0,4.635490445437087,12.185534393743133,4.657796977455442,161.61583368110007,27.55448145030379
2020,MAGAZINE LUIZA,47.960.950/0001-21,29177113.0,7519962.0,391709.0,391709.0,7325287.0,24647203.0,24647203.0,1.3425214482323868,5.3473536258715875,1.589263495740267,236.46740393925865,46.71959252370097
2021,MAGAZINE LUIZA,47.960.950/0001-21,35278150.0,8486805.0,590661.0,590661.0,11261231.0,38384616.0,38384616.0,1.6742969798586378,5.245083774589119,1.5387961677146906,240.85630602906556,20.91035189122379
2022,MAGAZINE LUIZA,47.960.950/0001-21,37299002.0,10438896.0,-498975.0,-498975.0,10648701.0,37765845.0,37765845.0,-1.3377703778776708,-4.685782801113488,-1.3212335113910467,254.65213080919446,5.728338929337284
2023,MAGAZINE LUIZA,47.960.950/0001-21,36768149.0,10163883.0,-979104.0,-979104.0,9610534.0,37455067.0,37455067.0,-2.6629134906954386,-10.187820988927358,-2.6140762209823305,289.72930120220167,-1.4232364715817347
2024,MAGAZINE LUIZA,47.960.950/0001-21,38038068.0,11627256.0,448717.0,448717.0,11319262.0,37311858.0,37311858.0,1.179652447122183,3.964189538151869,1.2026123169744054,229.6315431165035,3.4538562166945175
2010,NATURA,71.673.990/0001-77,5136712.0,3579906.0,744050.0,744050.0,1257502.0,3221871.0,3221871.0,14.484946790865441,59.1688919779054,23.093724112479986,156.21199807236889,
2011,NATURA,71.673.990/0001-77,5591374.0,3925074.0,830901.0,830901.0,1250245.0,3793012.0,3793012.0,14.860408193048794,66.45905402541102,21.90609995433708,203.38149722654362,8.851226231877508
2012,NATURA,71.673.990/0001-77,6345669.0,4477624.0,861222.0,861222.0,1306097.0,5375379.0,5375379.0,13.571807795206464,65.93859414729533,16.02160517425841,311.5604736861045,13.490333502999441
2013,NATURA,71.673.990/0001-77,7010311.0,4920526.0,847806.0,847806.0,1168250.0,6248321.0,6248321.0,12.093700265223612,72.57059704686498,13.568541052868444,434.8445110207575,10.473946876208018
2014,NATURA,71.673.990/0001-77,7408422.0,5158302.0,741221.0,741221.0,1148679.0,7200083.0,7200083.0,10.00511309965874,64.52812317453352,10.29461743704899,526.8141926508624,5.67893492884981
2015,NATURA,71.673.990/0001-77,7899002.0,5483012.0,522732.0,522732.0,1077767.0,9394981.0,9394981.0,6.617696767262498,48.50139223041715,5.56394951730078,771.7079851210883,6.621922995207341
2016,NATURA,71.673.990/0001-77,7912664.0,5465705.0,308238.0,308238.0,996385.0,8421579.0,8421579.0,3.8955021974899986,30.935632310803555,3.6600974710324516,745.2133462466818,0.17295855856220843
2017,NATURA,71.673.990/0001-77,9852708.0,6941631.0,670251.0,670251.0,1634746.0,14957462.0,14957462.0,6.802708453351099,41.00031442193466,4.481047653672795,814.971622502823,24.51821535705294
2018,NATURA,71.673.990/0001-77,13397419.0,9614576.0,548379.0,548379.0,2574102.0,15379549.0,15379549.0,4.093168990236105,21.30370125193174,3.5656377179850987,497.47240008360194,35.97702276369095
2019,NATURA,32.785.497/0001-97,14444690.0,10411236.0,155467.0,155467.0,3362345.0,21184512.0,21184512.0,1.0762917030410484,4.62376704353658,0.7338710469233372,530.0517049856574,7.816960863879818
2020,NATURA,32.785.497/0001-97,36921980.0,23692265.0,-663678.0,-663678.0,27387108.0,60917597.0,60917597.0,-1.7975146511644284,-2.4233226816062508,-1.0894684503067316,122.43165287842731,155.60936233314803
2021,NATURA,32.785.497/0001-97,40164687.0,26153162.0,1139239.0,1139239.0,28566725.0,60448490.0,60448490.0,2.836419464690463,3.9879930233514695,1.8846442648939619,111.60455039910946,8.78259237451513
2022,NATURA,32.785.497/0001-97,36349623.0,23194604.0,-2858626.0,-2858626.0,22351184.0,54685390.0,54685390.0,-7.864252127181621,-12.78959539682551,-5.227403516734543,144.66439898664876,-9.498552795892568
2023,NATURA,32.785.497/0001-97,26737277.0,17061842.0,2974510.0,2974510.0,23120465.0,42747015.0,42747015.0,11.12495487105886,12.865268929496013,6.958403996162072,84.88821483477949,-26.444142212974253
2024,NATURA,32.785.497/0001-97,24089804.0,15717207.0,-8929680.0,-8929680.0,15671587.0,37133423.0,37133423.0,-37.06829661212686,-56.9800620702932,-24.047554140107145,136.94743231811813,-9.901804884618581
2010,PETROBRAS,33.000.167/0001-01,213273669.0,77221840.0,35901445.0,35901445.0,310223300.0,519970003.0,519970003.0,16.83351028204049,11.572775159054784,6.904522336454859,67.61152466626459,
2011,PETROBRAS,33.000.167/0001-01,244176142.0,77236882.0,33109612.0,33109612.0,332223611.0,599149983.0,599149983.0,13.559724438598101,9.966062285681435,5.526097461309617,80.34539483709362,14.48958661652695
2012,PETROBRAS,33.000.167/0001-01,281379482.0,70907353.0,20959362.0,20959362.0,345433653.0,677716287.0,677716287.0,7.448788323521045,6.067550691130838,3.092645462717056,96.1928958323004,15.236271527297696
2013,PETROBRAS,33.000.167/0001-01,304889934.0,71163982.0,23006885.0,23006885.0,349333684.0,752966638.0,752966638.0,7.5459641117571294,6.585933751524517,3.05549858903576,115.5436685573098,8.355425147879124
2014,PETROBRAS,33.000.167/0001-01,337260000.0,80437000.0,-21924000.0,-21924000.0,310722000.0,793375000.0,793375000.0,-6.500622665006227,-7.055824820900998,-2.7633842760359224,155.33274116412744,10.616967761224938
2015,PETROBRAS,33.000.167/0001-01,321638000.0,98576000.0,-35171000.0,-35171000.0,257930000.0,900135000.0,900135000.0,-10.934964152245692,-13.635870197340363,-3.907302793469868,248.98422052494863,-4.632034632034632
2016,PETROBRAS,33.000.167/0001-01,282589000.0,89978000.0,-13045000.0,-13045000.0,252743000.0,804945000.0,804945000.0,-4.616244793675621,-5.1613694543469055,-1.6206076191541037,218.48359796314836,-12.140667458447075
2017,PETROBRAS,33.000.167/0001-01,283695000.0,91595000.0,377000.0,377000.0,269609000.0,831515000.0,831515000.0,0.13288919438128977,0.13983212726578118,0.045338929544265584,208.41514934590464,0.3913811224074637
2018,PETROBRAS,33.000.167/0001-01,349836000.0,124543000.0,26698000.0,26698000.0,283543000.0,860473000.0,860473000.0,7.631575938439726,9.415855796122633,3.1027121129890185,203.47178382114885,23.314122561201287
2019,PETROBRAS,33.000.167/0001-01,302245000.0,122105000.0,40970000.0,40970000.0,299137000.0,926011000.0,926011000.0,13.555228374332081,13.696065682279357,4.424353490401302,209.56083667349742,-13.603802924799046
2020,PETROBRAS,33.000.167/0001-01,272069000.0,123962000.0,6246000.0,6246000.0,311150000.0,987419000.0,987419000.0,2.29574115389846,2.0073919331512133,0.6325582149016781,217.34501044512294,-9.983953415275682
2021,PETROBRAS,33.000.167/0001-01,452668000.0,219637000.0,107264000.0,107264000.0,389581000.0,972951000.0,972951000.0,23.69595376744104,27.533170252142686,11.024604527874477,149.7429289416065,66.37985216985398
2022,PETROBRAS,33.000.167/0001-01,641256000.0,334100000.0,189005000.0,189005000.0,364385000.0,976709000.0,976709000.0,29.47418815574435,51.86958848470711,19.3512090090293,168.04314118308932,41.66143840518879
2023,PETROBRAS,33.000.167/0001-01,511994000.0,269933000.0,125166000.0,125166000.0,382340000.0,1050888000.0,1050888000.0,24.446770860596022,32.73683109274468,11.910498549797884,174.85693361929174,-20.15762815474631
2024,PETROBRAS,33.000.167/0001-01,490829000.0,246462000.0,37009000.0,37009000.0,367514000.0,1124797000.0,1124797000.0,7.540100523807681,10.070092567902176,3.2902826021050906,206.0555516252442,-4.133837505908278
2010,VALE,33.592.510/0001-54,83225007.0,49468940.0,30421492.0,30421492.0,116326864.0,214662114.0,214662114.0,36.55330662813883,26.15173396232877,14.171803041127228,84.53356913326573,
2011,VALE,33.592.510/0001-54,103195407.0,62706537.0,37400224.0,37400224.0,146690367.0,241783112.0,241783112.0,36.2421401177283,25.496032742218173,15.468501373247276,64.8254871432696,23.995672358429477
2012,VALE,33.592.510/0001-54,93511482.0,41514098.0,9232934.0,9232934.0,155633216.0,266921654.0,266921654.0,9.873583224785166,5.932495798326239,3.459042704718142,71.50686778842892,-9.384065901305084
2013,VALE,33.592.510/0001-54,101489747.0,48979109.0,-257964.0,-257964.0,152122066.0,291880311.0,291880311.0,-0.25417739981162824,-0.1695769764262865,-0.08838006205906777,91.87243420688226,8.531856013147143
2014,VALE,33.592.510/0001-54,88274564.0,29188660.0,219588.0,219588.0,149601623.0,309415532.0,309415532.0,0.2487556891246724,0.1467818300340231,0.07096864161298794,106.82632032675208,-13.0212000627019
2015,VALE,33.592.510/0001-54,85499184.0,16841450.0,-45996622.0,-45996622.0,139419590.0,345549435.0,345549435.0,-53.79773215145539,-32.991505713078055,-13.311155319932732,147.8485519861305,-3.144031388249058
2016,VALE,33.592.510/0001-54,94633264.0,33489834.0,13296496.0,13296496.0,133701739.0,322696154.0,322696154.0,14.050552034219171,9.944893835674044,4.120438324158025,141.35524071231416,10.68323646223337
2017,VALE,33.592.510/0001-54,108532022.0,41274711.0,17669992.0,17669992.0,148105642.0,328096703.0,328096703.0,16.280901870601838,11.930667705420703,5.385604865404576,121.52883480293073,14.68696884427445
2018,VALE,33.592.510/0001-54,134483126.0,53282222.0,25773768.0,25773768.0,173682178.0,341714838.0,341714838.0,19.165057183456607,14.83961584129835,7.542478445141443,96.74720914658266,23.911011258962823
2019,VALE,33.592.510/0001-54,148639921.0,64804358.0,-8696040.0,-8696040.0,157149353.0,369670328.0,369670328.0,-5.850406769255481,-5.533614891815686,-2.3523770617586597,135.2350302072195,10.526818806992932
2020,VALE,33.592.510/0001-54,208528759.0,109961265.0,24902341.0,24902341.0,180985984.0,478129515.0,478129515.0,11.941921641609156,13.759264916337388,5.208283575633268,164.1804102355241,40.291220283950494
2021,VALE,33.592.510/0001-54,293524000.0,176257000.0,121343000.0,121343000.0,197058000.0,499128000.0,499128000.0,41.34006077867568,61.57730211409839,24.31099838117677,153.28989434582712,40.75948152551947
2022,VALE,33.592.510/0001-54,226508000.0,102313000.0,96337000.0,96337000.0,194894000.0,453387000.0,453387000.0,42.531389619792684,49.430459634467965,21.24829340056067,132.63261054727184,-22.83152314631853
2023,VALE,33.592.510/0001-54,208066000.0,88050000.0,40554000.0,40554000.0,198325000.0,455984000.0,455984000.0,19.490930762354253,20.44825412832472,8.893733113442577,129.9175595613261,-8.141875783636776
2024,VALE,33.592.510/0001-54,206005000.0,74687000.0,30431000.0,30431000.0,213720000.0,496325000.0,496325000.0,14.771971554088491,14.23872356354108,6.131264796252456,132.23142429346808,-0.9905510751396229
2010,WEG,84.429.695/0001-11,4391973.0,1386952.0,533634.0,533634.0,3543836.0,7511164.0,7511164.0,12.150211305943822,15.058089595568191,7.104544648472594,111.9501015284003,
2011,WEG,84.429.695/0001-11,5189409.0,1556051.0,607021.0,607021.0,3906589.0,9105861.0,9105861.0,11.697305030303065,15.53838911643892,6.666266924127219,133.089813133657,18.156668995915947
2012,WEG,84.429.695/0001-11,6173878.0,1880856.0,664864.0,664864.0,4151626.0,8873550.0,8873550.0,10.768985069027927,16.014544662741777,7.49264950329913,113.73673832854887,18.970734432379487
2013,WEG,84.429.695/0001-11,6828896.0,2236766.0,845304.0,845304.0,4642267.0,10141293.0,10141293.0,12.378340510676981,18.208862178758782,8.335268490911366,118.45561662006946,10.60950669903098
2014,WEG,84.429.695/0001-11,7840757.0,2484497.0,962316.0,962316.0,5139263.0,11782630.0,11782630.0,12.273253717721389,18.724786024766583,8.167242797236272,129.26692017902178,14.817343828343565
2015,WEG,84.429.695/0001-11,9760323.0,2765588.0,1165810.0,1165810.0,6156060.0,14261541.0,14261541.0,11.944379299742437,18.93759969850846,8.174502320611776,131.666699154979,24.481896327102092
2016,WEG,84.429.695/0001-11,9367008.0,2635779.0,1127832.0,1127832.0,6070832.0,13509331.0,13509331.0,12.040472261793735,18.577881911408518,8.34854072344515,122.52849362327932,-4.029733442223171
2017,WEG,84.429.695/0001-11,9523830.0,2758447.0,1140942.0,1140942.0,6843307.0,13985987.0,13985987.0,11.979865243289726,16.67237784305161,8.157751040380633,104.37468317583883,1.6741952179393893
2018,WEG,84.429.695/0001-11,11970090.0,3469274.0,1344148.0,1344148.0,7853257.0,15399850.0,15399850.0,11.22922216959104,17.115803035606756,8.728318782325802,96.09507240117063,25.68567477579924
2019,WEG,84.429.695/0001-11,13347434.0,3953268.0,1632455.0,1632455.0,8929990.0,15687641.0,15687641.0,12.230478157824193,18.28059157960983,10.405994119829744,75.67366816760153,11.506546734402168
2020,WEG,84.429.695/0001-11,17469557.0,5437507.0,2395957.0,2395957.0,11930298.0,19927896.0,19927896.0,13.715041543411777,20.082960207699756,12.023130791128175,67.03602877312872,30.88326190637092
2021,WEG,84.429.695/0001-11,23563338.0,6960957.0,3657480.0,3657480.0,14010672.0,23932787.0,23932787.0,15.521909501955964,26.10495770652543,15.282298714311876,70.81826624732918,34.88228694064765
2022,WEG,84.429.695/0001-11,29904722.0,8695487.0,4272872.0,4272872.0,15248355.0,28134660.0,28134660.0,14.288285308253327,28.021855472278812,15.187217474815762,84.50947659600003,26.91207841605463
2023,WEG,84.429.695/0001-11,32503601.0,10800864.0,5867615.0,5867615.0,17854776.0,31496270.0,31496270.0,18.05219981626036,32.86299979344462,18.629555182248563,76.40249309204438,8.69053054564426
2024,WEG,84.429.695/0001-11,37986941.0,12813845.0,6318763.0,6318763.0,23125217.0,41489701.0,41489701.0,16.634040103413433,27.32412413686756,15.229714477817035,79.41323966819425,16.869946194577025
