Ano,Empresa,CNPJ,Receita_Liquida,Resultado_Bruto,Lucro_Liquido,Resultado_Antes_IR,Patrimonio_Liquido,Passivo_Total,Ativo_Total
2010,PETROBRAS,33.000.167/0001-01,213273669.0,77221840.0,35901445.0,35901445.0,310223300.0,519970003.0,519970003.0
2011,PETROBRAS,33.000.167/0001-01,244176142.0,77236882.0,33109612.0,33109612.0,332223611.0,599149983.0,599149983.0
2012,PETROBRAS,33.000.167/0001-01,281379482.0,70907353.0,20959362.0,20959362.0,345433653.0,677716287.0,677716287.0
2013,PETROBRAS,33.000.167/0001-01,304889934.0,71163982.0,23006885.0,23006885.0,349333684.0,752966638.0,752966638.0
2014,PETROBRAS,33.000.167/0001-01,337260000.0,80437000.0,-21924000.0,-21924000.0,310722000.0,793375000.0,793375000.0
2015,PETROBRAS,33.000.167/0001-01,321638000.0,98576000.0,-35171000.0,-35171000.0,257930000.0,900135000.0,900135000.0
2016,PETROBRAS,33.000.167/0001-01,282589000.0,89978000.0,-13045000.0,-13045000.0,252743000.0,804945000.0,804945000.0
2017,PETROBRAS,33.000.167/0001-01,283695000.0,91595000.0,377000.0,377000.0,269609000.0,831515000.0,831515000.0
2018,PETROBRAS,33.000.167/0001-01,349836000.0,124543000.0,26698000.0,26698000.0,283543000.0,860473000.0,860473000.0
2019,PETROBRAS,33.000.167/0001-01,302245000.0,122105000.0,40970000.0,40970000.0,299137000.0,926011000.0,926011000.0
2020,PETROBRAS,33.000.167/0001-01,272069000.0,123962000.0,6246000.0,6246000.0,311150000.0,987419000.0,987419000.0
2021,PETROBRAS,33.000.167/0001-01,452668000.0,219637000.0,107264000.0,107264000.0,389581000.0,972951000.0,972951000.0
2022,PETROBRAS,33.000.167/0001-01,641256000.0,334100000.0,189005000.0,189005000.0,364385000.0,976709000.0,976709000.0
2023,PETROBRAS,33.000.167/0001-01,511994000.0,269933000.0,125166000.0,125166000.0,382340000.0,1050888000.0,1050888000.0
2024,PETROBRAS,33.000.167/0001-01,490829000.0,246462000.0,37009000.0,37009000.0,367514000.0,1124797000.0,1124797000.0
2010,VALE,33.592.510/0001-54,83225007.0,49468940.0,30421492.0,30421492.0,116326864.0,214662114.0,214662114.0
2011,VALE,33.592.510/0001-54,103195407.0,62706537.0,37400224.0,37400224.0,146690367.0,241783112.0,241783112.0
2012,VALE,33.592.510/0001-54,93511482.0,41514098.0,9232934.0,9232934.0,155633216.0,266921654.0,266921654.0
2013,VALE,33.592.510/0001-54,101489747.0,48979109.0,-257964.0,-257964.0,152122066.0,291880311.0,291880311.0
2014,VALE,33.592.510/0001-54,88274564.0,29188660.0,219588.0,219588.0,149601623.0,309415532.0,309415532.0
2015,VALE,33.592.510/0001-54,85499184.0,16841450.0,-45996622.0,-45996622.0,139419590.0,345549435.0,345549435.0
2016,VALE,33.592.510/0001-54,94633264.0,33489834.0,13296496.0,13296496.0,133701739.0,322696154.0,322696154.0
2017,VALE,33.592.510/0001-54,108532022.0,41274711.0,17669992.0,17669992.0,148105642.0,328096703.0,328096703.0
2018,VALE,33.592.510/0001-54,134483126.0,53282222.0,25773768.0,25773768.0,173682178.0,341714838.0,341714838.0
2019,VALE,33.592.510/0001-54,148639921.0,64804358.0,-8696040.0,-8696040.0,157149353.0,369670328.0,369670328.0
2020,VALE,33.592.510/0001-54,208528759.0,109961265.0,24902341.0,24902341.0,180985984.0,478129515.0,478129515.0
2021,VALE,33.592.510/0001-54,293524000.0,176257000.0,121343000.0,121343000.0,197058000.0,499128000.0,499128000.0
2022,VALE,33.592.510/0001-54,226508000.0,102313000.0,96337000.0,96337000.0,194894000.0,453387000.0,453387000.0
2023,VALE,33.592.510/0001-54,208066000.0,88050000.0,40554000.0,40554000.0,198325000.0,455984000.0,455984000.0
2024,VALE,33.592.510/0001-54,206005000.0,74687000.0,30431000.0,30431000.0,213720000.0,496325000.0,496325000.0
2010,ITAU,60.872.504/0001-23,82620000.0,45780000.0,0.0,0.0,0.0,727481000.0,727481000.0
2011,ITAU,60.872.504/0001-23,103601000.0,48002000.0,0.0,0.0,573354000.0,818136000.0,818136000.0
2012,ITAU,60.872.504/0001-23,101582000.0,53515000.0,0.0,0.0,679706000.0,957154000.0,957154000.0
2013,ITAU,60.872.504/0001-23,94797000.0,48436000.0,0.0,0.0,724496000.0,1027297000.0,1027297000.0
2014,ITAU,60.872.504/0001-23,129035000.0,56058000.0,0.0,0.0,779284000.0,1127203000.0,1127203000.0
2015,ITAU,60.872.504/0001-23,129574000.0,54510000.0,0.0,0.0,880057000.0,1276415000.0,1276415000.0
2016,ITAU,60.872.504/0001-23,174319000.0,79193000.0,0.0,0.0,910300000.0,1353241000.0,1353241000.0
2017,ITAU,60.872.504/0001-23,147615000.0,69290000.0,0.0,0.0,943670000.0,1434969000.0,1434969000.0
2018,ITAU,60.872.504/0001-23,131317000.0,60705000.0,0.0,0.0,1119734000.0,1552797000.0,1552797000.0
2019,ITAU,60.872.504/0001-23,193037000.0,117079000.0,0.0,0.0,1159830000.0,1637481000.0,1637481000.0
2020,ITAU,60.872.504/0001-23,173757000.0,100199000.0,0.0,0.0,1495641000.0,2019251000.0,2019251000.0
2021,ITAU,60.872.504/0001-23,195679000.0,126374000.0,0.0,0.0,1553107000.0,2069206000.0,2069206000.0
2022,ITAU,60.872.504/0001-23,283372000.0,115570000.0,0.0,0.0,1755498000.0,2323440000.0,2323440000.0
2023,ITAU,60.872.504/0001-23,313221000.0,124526000.0,0.0,0.0,1944162000.0,2543100000.0,2543100000.0
2024,ITAU,60.872.504/0001-23,335328000.0,135739000.0,0.0,0.0,2148776000.0,2854475000.0,2854475000.0
2010,BRADESCO,60.746.948/0001-12,66739332.0,35055479.0,0.0,0.0,492014622.0,602954024.0,602954024.0
2011,BRADESCO,60.746.948/0001-12,82124304.0,37994131.0,0.0,0.0,588264495.0,722086892.0,722086892.0
2012,BRADESCO,60.746.948/0001-12,87139803.0,46547667.0,0.0,0.0,636770125.0,801186699.0,801186699.0
2013,BRADESCO,60.746.948/0001-12,77698157.0,36316015.0,0.0,0.0,683415524.0,838301614.0,838301614.0
2014,BRADESCO,60.746.948/0001-12,99723519.0,45876190.0,0.0,0.0,757383017.0,930451016.0,930451016.0
2015,BRADESCO,60.746.948/0001-12,114601292.0,43189082.0,0.0,0.0,819487414.0,1026703522.0,1026703522.0
2016,BRADESCO,60.746.948/0001-12,162912502.0,71875116.0,0.0,0.0,953963613.0,1192029656.0,1192029656.0
2017,BRADESCO,60.746.948/0001-12,137794231.0,62204816.0,0.0,0.0,972408994.0,1224353440.0,1224353440.0
2018,BRADESCO,60.746.948/0001-12,112546955.0,57302286.0,0.0,0.0,852332872.0,1305543714.0,1305543714.0
2019,BRADESCO,60.746.948/0001-12,124306394.0,65688408.0,0.0,0.0,893209350.0,1378527685.0,1378527685.0
2020,BRADESCO,60.746.948/0001-12,98429117.0,49853430.0,16033961.0,16033961.0,311226553.0,1604653790.0,1604653790.0
2021,BRADESCO,60.746.948/0001-12,125443431.0,70322108.0,23380804.0,23380804.0,317304610.0,1675572193.0,1675572193.0
2022,BRADESCO,60.746.948/0001-12,205913274.0,74602020.0,21217196.0,21217196.0,343569130.0,1799615675.0,1799615675.0
2023,BRADESCO,60.746.948/0001-12,224457793.0,68081738.0,14502765.0,14502765.0,370606996.0,1927523249.0,1927523249.0
2024,BRADESCO,60.746.948/0001-12,213219736.0,68940583.0,17542153.0,17542153.0,402553713.0,2069506045.0,2069506045.0
2010,AMBEV,02.808.708/0001-07,25233310.0,16784263.0,7619243.0,7619243.0,24564842.0,42678300.0,42678300.0
2011,AMBEV,02.808.708/0001-07,27126719.0,18333412.0,8719764.0,8719764.0,25828845.0,46139418.0,46139418.0
2012,AMBEV,02.808.708/0001-07,32231027.0,21939509.0,10642555.0,10642555.0,29923817.0,54159769.0,54159769.0
2013,AMBEV,07.526.557/0001-00,34791391.0,23393590.0,11354070.0,11354070.0,43997398.0,68674019.0,68674019.0
2014,AMBEV,07.526.557/0001-00,38079786.0,25265198.0,12362019.0,12362019.0,43644669.0,72143203.0,72143203.0
2015,AMBEV,07.526.557/0001-00,46720141.0,30658770.0,12879141.0,12879141.0,50333633.0,90176234.0,90176234.0
2016,AMBEV,07.526.557/0001-00,45602561.0,28924602.0,13083397.0,13083397.0,46651273.0,83841418.0,83841418.0
2017,AMBEV,07.526.557/0001-00,47899276.0,29857498.0,7850504.0,7850504.0,47982855.0,86851989.0,86851989.0
2018,AMBEV,07.526.557/0001-00,50231336.0,30961709.0,11377427.0,11377427.0,57547424.0,94126138.0,94126138.0
2019,AMBEV,07.526.557/0001-00,52599709.0,30921550.0,12188332.0,12188332.0,62556005.0,101742944.0,101742944.0
2020,AMBEV,07.526.557/0001-00,58378995.0,31312896.0,11731909.0,11731909.0,75151124.0,125196579.0,125196579.0
2021,AMBEV,07.526.557/0001-00,72854344.0,37194600.0,13122582.0,13122582.0,84017617.0,138602483.0,138602483.0
2022,AMBEV,07.526.557/0001-00,79708827.0,39286758.0,14891291.0,14891291.0,83327827.0,137958083.0,137958083.0
2023,AMBEV,07.526.557/0001-00,79736856.0,40445285.0,14960459.0,14960459.0,80143802.0,132644133.0,132644133.0
2024,AMBEV,07.526.557/0001-00,89452669.0,45837589.0,14846952.0,14846952.0,99580514.0,162507949.0,162507949.0
2010,B3,09.346.601/0001-25,2102554.0,1889757.0,1144486.0,1144486.0,19419048.0,22633975.0,22633975.0
2011,B3,09.346.601/0001-25,2115983.0,1904684.0,1048529.0,1048529.0,19257491.0,23589922.0,23589922.0
2012,B3,09.346.601/0001-25,2064750.0,2064750.0,1074256.0,1074256.0,19413882.0,24147114.0,24147114.0
2013,B3,09.346.601/0001-25,2131795.0,2131795.0,1080947.0,1080947.0,19298892.0,25896659.0,25896659.0
2014,B3,09.346.601/0001-25,2030433.0,2030433.0,977914.0,977914.0,18988403.0,25538263.0,25538263.0
2015,B3,09.346.601/0001-25,2216634.0,2216634.0,2203458.0,2203458.0,18352213.0,26308895.0,26308895.0
2016,B3,09.346.601/0001-25,2320781.0,2320781.0,1446064.0,1446064.0,19076385.0,31155875.0,31155875.0
2017,B3,09.346.601/0001-25,3673596.0,3673596.0,1296645.0,1296645.0,24310014.0,37579879.0,37579879.0
2018,B3,09.346.601/0001-25,4831915.0,4831915.0,2088351.0,2088351.0,25044196.0,37672245.0,37672245.0
2019,B3,09.346.601/0001-25,6576507.0,5907756.0,2713204.0,2713204.0,25401233.0,40027315.0,40027315.0
2020,B3,09.346.601/0001-25,9327395.0,8382575.0,4150715.0,4150715.0,24521424.0,46332783.0,46332783.0
2021,B3,09.346.601/0001-25,10288124.0,9248244.0,4717089.0,4717089.0,22419370.0,52531769.0,52531769.0
2022,B3,09.346.601/0001-25,10110682.0,9091713.0,4226598.0,4226598.0,20283143.0,47594773.0,47594773.0
2023,B3,09.346.601/0001-25,9921251.0,8930025.0,4132512.0,4132512.0,20286099.0,49421622.0,49421622.0
2024,B3,09.346.601/0001-25,10572738.0,9513468.0,4576691.0,4576691.0,18383454.0,45228850.0,45228850.0
2010,WEG,84.429.695/0001-11,4391973.0,1386952.0,533634.0,533634.0,3543836.0,7511164.0,7511164.0
2011,WEG,84.429.695/0001-11,5189409.0,1556051.0,607021.0,607021.0,3906589.0,9105861.0,9105861.0
2012,WEG,84.429.695/0001-11,6173878.0,1880856.0,664864.0,664864.0,4151626.0,8873550.0,8873550.0
2013,WEG,84.429.695/0001-11,6828896.0,2236766.0,845304.0,845304.0,4642267.0,10141293.0,10141293.0
2014,WEG,84.429.695/0001-11,7840757.0,2484497.0,962316.0,962316.0,5139263.0,11782630.0,11782630.0
2015,WEG,84.429.695/0001-11,9760323.0,2765588.0,1165810.0,1165810.0,6156060.0,14261541.0,14261541.0
2016,WEG,84.429.695/0001-11,9367008.0,2635779.0,1127832.0,1127832.0,6070832.0,13509331.0,13509331.0
2017,WEG,84.429.695/0001-11,9523830.0,2758447.0,1140942.0,1140942.0,6843307.0,13985987.0,13985987.0
2018,WEG,84.429.695/0001-11,11970090.0,3469274.0,1344148.0,1344148.0,7853257.0,15399850.0,15399850.0
2019,WEG,84.429.695/0001-11,13347434.0,3953268.0,1632455.0,1632455.0,8929990.0,15687641.0,15687641.0
2020,WEG,84.429.695/0001-11,17469557.0,5437507.0,2395957.0,2395957.0,11930298.0,19927896.0,19927896.0
2021,WEG,84.429.695/0001-11,23563338.0,6960957.0,3657480.0,3657480.0,14010672.0,23932787.0,23932787.0
2022,WEG,84.429.695/0001-11,29904722.0,8695487.0,4272872.0,4272872.0,15248355.0,28134660.0,28134660.0
2023,WEG,84.429.695/0001-11,32503601.0,10800864.0,5867615.0,5867615.0,17854776.0,31496270.0,31496270.0
2024,WEG,84.429.695/0001-11,37986941.0,12813845.0,6318763.0,6318763.0,23125217.0,41489701.0,41489701.0
2010,MAGAZINE LUIZA,47.960.950/0001-21,4808024.0,1641763.0,68834.0,68834.0,47436.0,3927780.0,3927780.0
2011,MAGAZINE LUIZA,47.960.950/0001-21,6419371.0,2144287.0,11666.0,11666.0,620945.0,4877354.0,4877354.0
2012,MAGAZINE LUIZA,47.960.950/0001-21,7665112.0,2518515.0,-6745.0,-6745.0,615992.0,5664755.0,5664755.0
2013,MAGAZINE LUIZA,47.960.950/0001-21,8088439.0,2262995.0,113806.0,113806.0,694611.0,4713904.0,4713904.0
2014,MAGAZINE LUIZA,47.960.950/0001-21,9779385.0,2692476.0,128556.0,128556.0,754467.0,5290037.0,5290037.0
2015,MAGAZINE LUIZA,47.960.950/0001-21,8978259.0,2578629.0,-65605.0,-65605.0,575656.0,5501981.0,5501981.0
2016,MAGAZINE LUIZA,47.960.950/0001-21,9508745.0,2922615.0,86565.0,86565.0,621586.0,6100606.0,6100606.0
2017,MAGAZINE LUIZA,47.960.950/0001-21,11984250.0,3606011.0,389022.0,389022.0,2073977.0,7419513.0,7419513.0
2018,MAGAZINE LUIZA,47.960.950/0001-21,15590444.0,4537422.0,597429.0,597429.0,2302872.0,8796741.0,8796741.0
2019,MAGAZINE LUIZA,47.960.950/0001-21,19886310.0,5553961.0,921828.0,921828.0,7564937.0,19791073.0,19791073.0
2020,MAGAZINE LUIZA,47.960.950/0001-21,29177113.0,7519962.0,391709.0,391709.0,7325287.0,24647203.0,24647203.0
2021,MAGAZINE LUIZA,47.960.950/0001-21,35278150.0,8486805.0,590661.0,590661.0,11261231.0,38384616.0,38384616.0
2022,MAGAZINE LUIZA,47.960.950/0001-21,37299002.0,10438896.0,-498975.0,-498975.0,10648701.0,37765845.0,37765845.0
2023,MAGAZINE LUIZA,47.960.950/0001-21,36768149.0,10163883.0,-979104.0,-979104.0,9610534.0,37455067.0,37455067.0
2024,MAGAZINE LUIZA,47.960.950/0001-21,38038068.0,11627256.0,448717.0,448717.0,11319262.0,37311858.0,37311858.0
2010,NATURA,71.673.990/0001-77,5136712.0,3579906.0,744050.0,744050.0,1257502.0,3221871.0,3221871.0
2011,NATURA,71.673.990/0001-77,5591374.0,3925074.0,830901.0,830901.0,1250245.0,3793012.0,3793012.0
2012,NATURA,71.673.990/0001-77,6345669.0,4477624.0,861222.0,861222.0,1306097.0,5375379.0,5375379.0
2013,NATURA,71.673.990/0001-77,7010311.0,4920526.0,847806.0,847806.0,1168250.0,6248321.0,6248321.0
2014,NATURA,71.673.990/0001-77,7408422.0,5158302.0,741221.0,741221.0,1148679.0,7200083.0,7200083.0
2015,NATURA,71.673.990/0001-77,7899002.0,5483012.0,522732.0,522732.0,1077767.0,9394981.0,9394981.0
2016,NATURA,71.673.990/0001-77,7912664.0,5465705.0,308238.0,308238.0,996385.0,8421579.0,8421579.0
2017,NATURA,71.673.990/0001-77,9852708.0,6941631.0,670251.0,670251.0,1634746.0,14957462.0,14957462.0
2018,NATURA,71.673.990/0001-77,13397419.0,9614576.0,548379.0,548379.0,2574102.0,15379549.0,15379549.0
2019,NATURA,32.785.497/0001-97,14444690.0,10411236.0,155467.0,155467.0,3362345.0,21184512.0,21184512.0
2020,NATURA,32.785.497/0001-97,36921980.0,23692265.0,-663678.0,-663678.0,27387108.0,60917597.0,60917597.0
2021,NATURA,32.785.497/0001-97,40164687.0,26153162.0,1139239.0,1139239.0,28566725.0,60448490.0,60448490.0
2022,NATURA,32.785.497/0001-97,36349623.0,23194604.0,-2858626.0,-2858626.0,22351184.0,54685390.0,54685390.0
2023,NATURA,32.785.497/0001-97,26737277.0,17061842.0,2974510.0,2974510.0,23120465.0,42747015.0,42747015.0
2024,NATURA,32.785.497/0001-97,24089804.0,15717207.0,-8929680.0,-8929680.0,15671587.0,37133423.0,37133423.0
